[{"model": "admin.logentry", "pk": 1, "fields": {"action_time": "2023-02-18T19:52:57.520Z", "user": 1, "content_type": 7, "object_id": "1", "object_repr": "Contacts object (1)", "action_flag": 1, "change_message": "[{\"added\": {}}]"}}, {"model": "admin.logentry", "pk": 2, "fields": {"action_time": "2023-02-18T19:53:33.448Z", "user": 1, "content_type": 8, "object_id": "1", "object_repr": "Experience object (1)", "action_flag": 1, "change_message": "[{\"added\": {}}]"}}, {"model": "admin.logentry", "pk": 3, "fields": {"action_time": "2023-02-18T19:53:59.695Z", "user": 1, "content_type": 10, "object_id": "1", "object_repr": "admin", "action_flag": 1, "change_message": "[{\"added\": {}}]"}}, {"model": "admin.logentry", "pk": 4, "fields": {"action_time": "2023-02-18T19:56:22.130Z", "user": 1, "content_type": 4, "object_id": "2", "object_repr": "user1", "action_flag": 1, "change_message": "[{\"added\": {}}]"}}, {"model": "admin.logentry", "pk": 5, "fields": {"action_time": "2023-02-18T19:56:43.360Z", "user": 1, "content_type": 9, "object_id": "1", "object_repr": "Roga i Copyta", "action_flag": 1, "change_message": "[{\"added\": {}}]"}}, {"model": "admin.logentry", "pk": 6, "fields": {"action_time": "2023-02-18T20:03:46.347Z", "user": 1, "content_type": 10, "object_id": "1", "object_repr": "Иван", "action_flag": 2, "change_message": "[{\"changed\": {\"fields\": [\"User\", \"\\u0418\\u043c\\u044f\", \"\\u0424\\u0430\\u043c\\u0438\\u043b\\u0438\\u044f\", \"\\u041f\\u043e\\u0447\\u0442\\u0430\"]}}]"}}, {"model": "admin.logentry", "pk": 7, "fields": {"action_time": "2023-02-18T20:06:48.461Z", "user": 1, "content_type": 9, "object_id": "1", "object_repr": "Roga i Copyta", "action_flag": 2, "change_message": "[{\"changed\": {\"fields\": [\"\\u041f\\u043e\\u0447\\u0442\\u0430\"]}}]"}}, {"model": "admin.logentry", "pk": 8, "fields": {"action_time": "2023-02-18T20:08:18.870Z", "user": 1, "content_type": 11, "object_id": "1", "object_repr": "Программист Python Junior", "action_flag": 1, "change_message": "[{\"added\": {}}]"}}, {"model": "admin.logentry", "pk": 9, "fields": {"action_time": "2023-02-18T20:09:43.630Z", "user": 1, "content_type": 11, "object_id": "2", "object_repr": "Junior Python Developer", "action_flag": 1, "change_message": "[{\"added\": {}}]"}}, {"model": "admin.logentry", "pk": 10, "fields": {"action_time": "2023-02-21T10:11:16.193Z", "user": 1, "content_type": 4, "object_id": "2", "object_repr": "user1", "action_flag": 3, "change_message": ""}}, {"model": "admin.logentry", "pk": 11, "fields": {"action_time": "2023-02-21T10:11:16.201Z", "user": 1, "content_type": 4, "object_id": "3", "object_repr": "user2", "action_flag": 3, "change_message": ""}}, {"model": "admin.logentry", "pk": 12, "fields": {"action_time": "2023-02-21T10:22:11.095Z", "user": 1, "content_type": 9, "object_id": "2", "object_repr": "Roga i Copyta", "action_flag": 1, "change_message": "[{\"added\": {}}]"}}, {"model": "admin.logentry", "pk": 13, "fields": {"action_time": "2023-02-21T10:25:11.005Z", "user": 1, "content_type": 9, "object_id": "2", "object_repr": "Roga i Copyta", "action_flag": 2, "change_message": "[{\"changed\": {\"fields\": [\"User\"]}}]"}}, {"model": "admin.logentry", "pk": 14, "fields": {"action_time": "2023-02-21T10:30:00.096Z", "user": 1, "content_type": 9, "object_id": "3", "object_repr": "Google", "action_flag": 3, "change_message": ""}}, {"model": "admin.logentry", "pk": 15, "fields": {"action_time": "2023-02-21T10:39:55.387Z", "user": 1, "content_type": 9, "object_id": "4", "object_repr": "Google", "action_flag": 3, "change_message": ""}}, {"model": "admin.logentry", "pk": 16, "fields": {"action_time": "2023-02-21T10:42:01.187Z", "user": 1, "content_type": 9, "object_id": "5", "object_repr": "Google", "action_flag": 3, "change_message": ""}}, {"model": "admin.logentry", "pk": 17, "fields": {"action_time": "2023-02-21T11:04:09.693Z", "user": 1, "content_type": 11, "object_id": "3", "object_repr": "Django developer", "action_flag": 1, "change_message": "[{\"added\": {}}]"}}, {"model": "admin.logentry", "pk": 18, "fields": {"action_time": "2023-02-21T11:04:26.283Z", "user": 1, "content_type": 11, "object_id": "4", "object_repr": "Junior Python Developer", "action_flag": 1, "change_message": "[{\"added\": {}}]"}}, {"model": "admin.logentry", "pk": 19, "fields": {"action_time": "2023-02-21T12:58:27.900Z", "user": 1, "content_type": 12, "object_id": "1", "object_repr": "Feedback object (1)", "action_flag": 3, "change_message": ""}}, {"model": "admin.logentry", "pk": 20, "fields": {"action_time": "2023-02-21T13:54:37.193Z", "user": 1, "content_type": 12, "object_id": "3", "object_repr": "Feedback object (3)", "action_flag": 3, "change_message": ""}}, {"model": "admin.logentry", "pk": 21, "fields": {"action_time": "2023-02-21T17:51:53.447Z", "user": 1, "content_type": 12, "object_id": "13", "object_repr": "Feedback object (13)", "action_flag": 3, "change_message": ""}}, {"model": "admin.logentry", "pk": 22, "fields": {"action_time": "2023-02-21T17:51:53.457Z", "user": 1, "content_type": 12, "object_id": "12", "object_repr": "Feedback object (12)", "action_flag": 3, "change_message": ""}}, {"model": "admin.logentry", "pk": 23, "fields": {"action_time": "2023-02-21T17:51:53.464Z", "user": 1, "content_type": 12, "object_id": "11", "object_repr": "Feedback object (11)", "action_flag": 3, "change_message": ""}}, {"model": "admin.logentry", "pk": 24, "fields": {"action_time": "2023-02-21T17:51:53.472Z", "user": 1, "content_type": 12, "object_id": "10", "object_repr": "Feedback object (10)", "action_flag": 3, "change_message": ""}}, {"model": "admin.logentry", "pk": 25, "fields": {"action_time": "2023-02-21T17:51:53.480Z", "user": 1, "content_type": 12, "object_id": "9", "object_repr": "Feedback object (9)", "action_flag": 3, "change_message": ""}}, {"model": "admin.logentry", "pk": 26, "fields": {"action_time": "2023-02-21T17:51:53.488Z", "user": 1, "content_type": 12, "object_id": "8", "object_repr": "Feedback object (8)", "action_flag": 3, "change_message": ""}}, {"model": "admin.logentry", "pk": 27, "fields": {"action_time": "2023-02-21T17:51:53.496Z", "user": 1, "content_type": 12, "object_id": "7", "object_repr": "Feedback object (7)", "action_flag": 3, "change_message": ""}}, {"model": "admin.logentry", "pk": 28, "fields": {"action_time": "2023-02-21T17:51:53.505Z", "user": 1, "content_type": 12, "object_id": "6", "object_repr": "Feedback object (6)", "action_flag": 3, "change_message": ""}}, {"model": "admin.logentry", "pk": 29, "fields": {"action_time": "2023-02-21T17:51:53.513Z", "user": 1, "content_type": 12, "object_id": "5", "object_repr": "Feedback object (5)", "action_flag": 3, "change_message": ""}}, {"model": "admin.logentry", "pk": 30, "fields": {"action_time": "2023-02-21T17:51:53.521Z", "user": 1, "content_type": 12, "object_id": "4", "object_repr": "Feedback object (4)", "action_flag": 3, "change_message": ""}}, {"model": "admin.logentry", "pk": 31, "fields": {"action_time": "2023-02-21T17:51:53.529Z", "user": 1, "content_type": 12, "object_id": "2", "object_repr": "Feedback object (2)", "action_flag": 3, "change_message": ""}}, {"model": "admin.logentry", "pk": 32, "fields": {"action_time": "2023-02-21T17:53:16.657Z", "user": 1, "content_type": 12, "object_id": "14", "object_repr": "Feedback object (14)", "action_flag": 3, "change_message": ""}}, {"model": "admin.logentry", "pk": 33, "fields": {"action_time": "2023-02-21T18:02:02.088Z", "user": 1, "content_type": 12, "object_id": "15", "object_repr": "Feedback object (15)", "action_flag": 3, "change_message": ""}}, {"model": "admin.logentry", "pk": 34, "fields": {"action_time": "2023-02-21T18:50:32.532Z", "user": 1, "content_type": 10, "object_id": "2", "object_repr": "Иван", "action_flag": 1, "change_message": "[{\"added\": {}}]"}}, {"model": "admin.logentry", "pk": 35, "fields": {"action_time": "2023-02-21T18:50:51.226Z", "user": 1, "content_type": 12, "object_id": "18", "object_repr": "Feedback object (18)", "action_flag": 1, "change_message": "[{\"added\": {}}]"}}, {"model": "admin.logentry", "pk": 36, "fields": {"action_time": "2023-02-21T18:53:04.055Z", "user": 1, "content_type": 8, "object_id": "2", "object_repr": "Совкомбанк Технологии", "action_flag": 1, "change_message": "[{\"added\": {}}]"}}, {"model": "admin.logentry", "pk": 37, "fields": {"action_time": "2023-02-21T18:58:15.674Z", "user": 1, "content_type": 10, "object_id": "2", "object_repr": "Иван", "action_flag": 2, "change_message": "[]"}}, {"model": "admin.logentry", "pk": 38, "fields": {"action_time": "2023-02-21T19:05:48.913Z", "user": 1, "content_type": 8, "object_id": "3", "object_repr": "Roga i Copyta", "action_flag": 1, "change_message": "[{\"added\": {}}]"}}, {"model": "admin.logentry", "pk": 39, "fields": {"action_time": "2023-02-21T19:06:02.399Z", "user": 1, "content_type": 8, "object_id": "4", "object_repr": "Google", "action_flag": 1, "change_message": "[{\"added\": {}}]"}}, {"model": "admin.logentry", "pk": 40, "fields": {"action_time": "2023-02-21T19:23:48.670Z", "user": 1, "content_type": 4, "object_id": "6", "object_repr": "user3", "action_flag": 1, "change_message": "[{\"added\": {}}]"}}, {"model": "admin.logentry", "pk": 41, "fields": {"action_time": "2023-02-21T19:24:11.621Z", "user": 1, "content_type": 9, "object_id": "6", "object_repr": "Google2", "action_flag": 2, "change_message": "[{\"changed\": {\"fields\": [\"User\", \"\\u041f\\u043e\\u0447\\u0442\\u0430\", \"\\u041d\\u0430\\u0437\\u0432\\u0430\\u043d\\u0438\\u0435 \\u043a\\u043e\\u043c\\u043f\\u0430\\u043d\\u0438\\u0438\"]}}]"}}, {"model": "admin.logentry", "pk": 42, "fields": {"action_time": "2023-02-21T19:25:57.726Z", "user": 1, "content_type": 4, "object_id": "6", "object_repr": "user3", "action_flag": 2, "change_message": "[]"}}, {"model": "admin.logentry", "pk": 43, "fields": {"action_time": "2023-02-22T05:56:14.987Z", "user": 1, "content_type": 12, "object_id": "19", "object_repr": "Feedback object (19)", "action_flag": 1, "change_message": "[{\"added\": {}}]"}}, {"model": "admin.logentry", "pk": 44, "fields": {"action_time": "2023-02-22T05:58:34.989Z", "user": 1, "content_type": 4, "object_id": "7", "object_repr": "employer1", "action_flag": 1, "change_message": "[{\"added\": {}}]"}}, {"model": "admin.logentry", "pk": 45, "fields": {"action_time": "2023-02-22T05:58:42.239Z", "user": 1, "content_type": 9, "object_id": "7", "object_repr": "Дэстэн Партнерс", "action_flag": 1, "change_message": "[{\"added\": {}}]"}}, {"model": "admin.logentry", "pk": 46, "fields": {"action_time": "2023-02-22T05:58:49.148Z", "user": 1, "content_type": 11, "object_id": "6", "object_repr": "Python developer junior", "action_flag": 1, "change_message": "[{\"added\": {}}]"}}, {"model": "admin.logentry", "pk": 47, "fields": {"action_time": "2023-02-22T05:59:12.669Z", "user": 1, "content_type": 12, "object_id": "20", "object_repr": "Feedback object (20)", "action_flag": 1, "change_message": "[{\"added\": {}}]"}}, {"model": "admin.logentry", "pk": 48, "fields": {"action_time": "2023-02-22T08:57:23.927Z", "user": 1, "content_type": 12, "object_id": "23", "object_repr": "Feedback object (23)", "action_flag": 1, "change_message": "[{\"added\": {}}]"}}, {"model": "admin.logentry", "pk": 49, "fields": {"action_time": "2023-02-23T07:36:40.372Z", "user": 1, "content_type": 4, "object_id": "8", "object_repr": "emloyer2", "action_flag": 3, "change_message": ""}}, {"model": "admin.logentry", "pk": 50, "fields": {"action_time": "2023-02-23T07:36:41.051Z", "user": 1, "content_type": 4, "object_id": "7", "object_repr": "employer1", "action_flag": 3, "change_message": ""}}, {"model": "admin.logentry", "pk": 51, "fields": {"action_time": "2023-02-23T07:36:41.357Z", "user": 1, "content_type": 4, "object_id": "4", "object_repr": "user1", "action_flag": 3, "change_message": ""}}, {"model": "admin.logentry", "pk": 52, "fields": {"action_time": "2023-02-23T07:36:41.478Z", "user": 1, "content_type": 4, "object_id": "5", "object_repr": "user2", "action_flag": 3, "change_message": ""}}, {"model": "admin.logentry", "pk": 53, "fields": {"action_time": "2023-02-23T07:36:41.678Z", "user": 1, "content_type": 4, "object_id": "6", "object_repr": "user3", "action_flag": 3, "change_message": ""}}, {"model": "admin.logentry", "pk": 54, "fields": {"action_time": "2023-02-23T07:37:40.311Z", "user": 1, "content_type": 4, "object_id": "9", "object_repr": "employer_1", "action_flag": 1, "change_message": "[{\"added\": {}}]"}}, {"model": "admin.logentry", "pk": 55, "fields": {"action_time": "2023-02-23T07:38:14.721Z", "user": 1, "content_type": 4, "object_id": "10", "object_repr": "employer_2", "action_flag": 1, "change_message": "[{\"added\": {}}]"}}, {"model": "admin.logentry", "pk": 56, "fields": {"action_time": "2023-02-23T07:38:41.244Z", "user": 1, "content_type": 4, "object_id": "11", "object_repr": "employer_3", "action_flag": 1, "change_message": "[{\"added\": {}}]"}}, {"model": "admin.logentry", "pk": 57, "fields": {"action_time": "2023-02-23T07:41:07.106Z", "user": 1, "content_type": 9, "object_id": "9", "object_repr": "Яндекс", "action_flag": 1, "change_message": "[{\"added\": {}}]"}}, {"model": "admin.logentry", "pk": 58, "fields": {"action_time": "2023-02-23T07:43:14.117Z", "user": 1, "content_type": 9, "object_id": "10", "object_repr": "Google", "action_flag": 1, "change_message": "[{\"added\": {}}]"}}, {"model": "admin.logentry", "pk": 59, "fields": {"action_time": "2023-02-23T07:44:31.737Z", "user": 1, "content_type": 9, "object_id": "11", "object_repr": "Microsoft", "action_flag": 1, "change_message": "[{\"added\": {}}]"}}, {"model": "admin.logentry", "pk": 60, "fields": {"action_time": "2023-02-23T13:37:00.874Z", "user": 1, "content_type": 4, "object_id": "12", "object_repr": "applicant_1", "action_flag": 1, "change_message": "[{\"added\": {}}]"}}, {"model": "admin.logentry", "pk": 61, "fields": {"action_time": "2023-02-23T13:37:19.032Z", "user": 1, "content_type": 4, "object_id": "13", "object_repr": "applicant_2", "action_flag": 1, "change_message": "[{\"added\": {}}]"}}, {"model": "admin.logentry", "pk": 62, "fields": {"action_time": "2023-02-23T13:37:34.846Z", "user": 1, "content_type": 4, "object_id": "14", "object_repr": "applicant_3", "action_flag": 1, "change_message": "[{\"added\": {}}]"}}, {"model": "admin.logentry", "pk": 63, "fields": {"action_time": "2023-02-23T13:37:55.965Z", "user": 1, "content_type": 4, "object_id": "15", "object_repr": "applicant_4", "action_flag": 1, "change_message": "[{\"added\": {}}]"}}, {"model": "admin.logentry", "pk": 64, "fields": {"action_time": "2023-02-23T13:40:09.332Z", "user": 1, "content_type": 10, "object_id": "3", "object_repr": "Геннадий", "action_flag": 1, "change_message": "[{\"added\": {}}]"}}, {"model": "admin.logentry", "pk": 65, "fields": {"action_time": "2023-02-23T13:41:51.081Z", "user": 1, "content_type": 10, "object_id": "4", "object_repr": "Иван", "action_flag": 1, "change_message": "[{\"added\": {}}]"}}, {"model": "admin.logentry", "pk": 66, "fields": {"action_time": "2023-02-23T13:44:07.540Z", "user": 1, "content_type": 10, "object_id": "5", "object_repr": "Юрий", "action_flag": 1, "change_message": "[{\"added\": {}}]"}}, {"model": "admin.logentry", "pk": 67, "fields": {"action_time": "2023-02-23T13:46:07.358Z", "user": 1, "content_type": 10, "object_id": "6", "object_repr": "Георгий", "action_flag": 1, "change_message": "[{\"added\": {}}]"}}, {"model": "admin.logentry", "pk": 68, "fields": {"action_time": "2023-02-23T13:49:47.269Z", "user": 1, "content_type": 11, "object_id": "11", "object_repr": "Python разработчик веб-приложений (Backend)", "action_flag": 1, "change_message": "[{\"added\": {}}]"}}, {"model": "admin.logentry", "pk": 69, "fields": {"action_time": "2023-02-23T13:50:55.249Z", "user": 1, "content_type": 11, "object_id": "12", "object_repr": "Python developer (FastApi)", "action_flag": 1, "change_message": "[{\"added\": {}}]"}}, {"model": "admin.logentry", "pk": 70, "fields": {"action_time": "2023-02-23T13:52:09.703Z", "user": 1, "content_type": 11, "object_id": "13", "object_repr": "Python / JavaScript разработчик веб-приложений (Fullstack)", "action_flag": 1, "change_message": "[{\"added\": {}}]"}}, {"model": "admin.logentry", "pk": 71, "fields": {"action_time": "2023-02-23T13:52:27.290Z", "user": 1, "content_type": 11, "object_id": "4", "object_repr": "Junior Python Developer", "action_flag": 3, "change_message": ""}}, {"model": "admin.logentry", "pk": 72, "fields": {"action_time": "2023-02-23T13:54:22.987Z", "user": 1, "content_type": 8, "object_id": "5", "object_repr": "Яндекс", "action_flag": 1, "change_message": "[{\"added\": {}}]"}}, {"model": "admin.logentry", "pk": 73, "fields": {"action_time": "2023-02-23T13:55:13.919Z", "user": 1, "content_type": 8, "object_id": "6", "object_repr": "Вконтакте", "action_flag": 1, "change_message": "[{\"added\": {}}]"}}, {"model": "admin.logentry", "pk": 74, "fields": {"action_time": "2023-02-23T13:55:59.794Z", "user": 1, "content_type": 8, "object_id": "7", "object_repr": "Google", "action_flag": 1, "change_message": "[{\"added\": {}}]"}}, {"model": "admin.logentry", "pk": 75, "fields": {"action_time": "2023-02-23T13:57:01.223Z", "user": 1, "content_type": 8, "object_id": "8", "object_repr": "1С", "action_flag": 1, "change_message": "[{\"added\": {}}]"}}, {"model": "admin.logentry", "pk": 76, "fields": {"action_time": "2023-02-23T13:57:52.729Z", "user": 1, "content_type": 8, "object_id": "9", "object_repr": "Газпром Медиа", "action_flag": 1, "change_message": "[{\"added\": {}}]"}}, {"model": "admin.logentry", "pk": 77, "fields": {"action_time": "2023-02-23T13:58:23.044Z", "user": 1, "content_type": 12, "object_id": "24", "object_repr": "Feedback object (24)", "action_flag": 1, "change_message": "[{\"added\": {}}]"}}, {"model": "admin.logentry", "pk": 78, "fields": {"action_time": "2023-02-23T13:58:30.316Z", "user": 1, "content_type": 12, "object_id": "25", "object_repr": "Feedback object (25)", "action_flag": 1, "change_message": "[{\"added\": {}}]"}}, {"model": "admin.logentry", "pk": 79, "fields": {"action_time": "2023-02-23T13:58:39.833Z", "user": 1, "content_type": 12, "object_id": "26", "object_repr": "Feedback object (26)", "action_flag": 1, "change_message": "[{\"added\": {}}]"}}, {"model": "admin.logentry", "pk": 80, "fields": {"action_time": "2023-02-23T13:58:46.499Z", "user": 1, "content_type": 12, "object_id": "27", "object_repr": "Feedback object (27)", "action_flag": 1, "change_message": "[{\"added\": {}}]"}}, {"model": "admin.logentry", "pk": 81, "fields": {"action_time": "2023-02-23T13:58:54.781Z", "user": 1, "content_type": 12, "object_id": "28", "object_repr": "Feedback object (28)", "action_flag": 1, "change_message": "[{\"added\": {}}]"}}, {"model": "admin.logentry", "pk": 82, "fields": {"action_time": "2023-02-26T08:24:12.531Z", "user": 1, "content_type": null, "object_id": "40", "object_repr": "user6", "action_flag": 3, "change_message": ""}}, {"model": "admin.logentry", "pk": 83, "fields": {"action_time": "2023-02-26T08:27:29.202Z", "user": 1, "content_type": null, "object_id": "41", "object_repr": "user6", "action_flag": 3, "change_message": ""}}, {"model": "admin.logentry", "pk": 84, "fields": {"action_time": "2023-02-26T08:28:24.025Z", "user": 1, "content_type": null, "object_id": "42", "object_repr": "user6", "action_flag": 3, "change_message": ""}}, {"model": "admin.logentry", "pk": 85, "fields": {"action_time": "2023-02-26T08:29:05.653Z", "user": 1, "content_type": null, "object_id": "43", "object_repr": "user6", "action_flag": 3, "change_message": ""}}, {"model": "admin.logentry", "pk": 86, "fields": {"action_time": "2023-02-26T08:33:42.906Z", "user": 1, "content_type": null, "object_id": "44", "object_repr": "user6", "action_flag": 3, "change_message": ""}}, {"model": "admin.logentry", "pk": 87, "fields": {"action_time": "2023-02-26T08:38:23.017Z", "user": 1, "content_type": null, "object_id": "46", "object_repr": "user7", "action_flag": 3, "change_message": ""}}, {"model": "admin.logentry", "pk": 88, "fields": {"action_time": "2023-02-26T08:38:48.117Z", "user": 1, "content_type": null, "object_id": "47", "object_repr": "user7", "action_flag": 3, "change_message": ""}}, {"model": "admin.logentry", "pk": 89, "fields": {"action_time": "2023-02-26T11:33:29.900Z", "user": 1, "content_type": null, "object_id": "24", "object_repr": "Feedback object (24)", "action_flag": 3, "change_message": ""}}, {"model": "admin.logentry", "pk": 90, "fields": {"action_time": "2023-02-26T11:33:29.910Z", "user": 1, "content_type": null, "object_id": "23", "object_repr": "Feedback object (23)", "action_flag": 3, "change_message": ""}}, {"model": "admin.logentry", "pk": 91, "fields": {"action_time": "2023-02-26T11:34:58.277Z", "user": 1, "content_type": null, "object_id": "25", "object_repr": "Feedback object (25)", "action_flag": 3, "change_message": ""}}, {"model": "admin.logentry", "pk": 92, "fields": {"action_time": "2023-02-26T11:35:42.502Z", "user": 1, "content_type": null, "object_id": "26", "object_repr": "Feedback object (26)", "action_flag": 3, "change_message": ""}}, {"model": "admin.logentry", "pk": 93, "fields": {"action_time": "2023-02-26T11:35:42.511Z", "user": 1, "content_type": null, "object_id": "22", "object_repr": "Feedback object (22)", "action_flag": 3, "change_message": ""}}, {"model": "admin.logentry", "pk": 94, "fields": {"action_time": "2023-02-26T11:35:42.520Z", "user": 1, "content_type": null, "object_id": "20", "object_repr": "Feedback object (20)", "action_flag": 3, "change_message": ""}}, {"model": "admin.logentry", "pk": 95, "fields": {"action_time": "2023-02-26T11:39:39.935Z", "user": 1, "content_type": null, "object_id": "27", "object_repr": "Feedback object (27)", "action_flag": 3, "change_message": ""}}, {"model": "admin.logentry", "pk": 96, "fields": {"action_time": "2023-02-26T11:41:23.913Z", "user": 1, "content_type": null, "object_id": "28", "object_repr": "Feedback object (28)", "action_flag": 3, "change_message": ""}}, {"model": "admin.logentry", "pk": 97, "fields": {"action_time": "2023-02-26T11:44:51.804Z", "user": 1, "content_type": null, "object_id": "50", "object_repr": "Feedback object (50)", "action_flag": 3, "change_message": ""}}, {"model": "admin.logentry", "pk": 98, "fields": {"action_time": "2023-02-26T11:44:51.813Z", "user": 1, "content_type": null, "object_id": "49", "object_repr": "Feedback object (49)", "action_flag": 3, "change_message": ""}}, {"model": "admin.logentry", "pk": 99, "fields": {"action_time": "2023-02-26T11:44:51.821Z", "user": 1, "content_type": null, "object_id": "48", "object_repr": "Feedback object (48)", "action_flag": 3, "change_message": ""}}, {"model": "admin.logentry", "pk": 100, "fields": {"action_time": "2023-02-26T11:44:51.829Z", "user": 1, "content_type": null, "object_id": "47", "object_repr": "Feedback object (47)", "action_flag": 3, "change_message": ""}}, {"model": "admin.logentry", "pk": 101, "fields": {"action_time": "2023-02-26T11:44:51.837Z", "user": 1, "content_type": null, "object_id": "46", "object_repr": "Feedback object (46)", "action_flag": 3, "change_message": ""}}, {"model": "admin.logentry", "pk": 102, "fields": {"action_time": "2023-02-26T11:44:51.845Z", "user": 1, "content_type": null, "object_id": "45", "object_repr": "Feedback object (45)", "action_flag": 3, "change_message": ""}}, {"model": "admin.logentry", "pk": 103, "fields": {"action_time": "2023-02-26T11:44:51.853Z", "user": 1, "content_type": null, "object_id": "44", "object_repr": "Feedback object (44)", "action_flag": 3, "change_message": ""}}, {"model": "admin.logentry", "pk": 104, "fields": {"action_time": "2023-02-26T11:44:51.861Z", "user": 1, "content_type": null, "object_id": "43", "object_repr": "Feedback object (43)", "action_flag": 3, "change_message": ""}}, {"model": "admin.logentry", "pk": 105, "fields": {"action_time": "2023-02-26T11:44:51.868Z", "user": 1, "content_type": null, "object_id": "42", "object_repr": "Feedback object (42)", "action_flag": 3, "change_message": ""}}, {"model": "admin.logentry", "pk": 106, "fields": {"action_time": "2023-02-26T11:44:51.876Z", "user": 1, "content_type": null, "object_id": "41", "object_repr": "Feedback object (41)", "action_flag": 3, "change_message": ""}}, {"model": "admin.logentry", "pk": 107, "fields": {"action_time": "2023-02-26T11:44:51.884Z", "user": 1, "content_type": null, "object_id": "40", "object_repr": "Feedback object (40)", "action_flag": 3, "change_message": ""}}, {"model": "admin.logentry", "pk": 108, "fields": {"action_time": "2023-02-26T11:44:51.893Z", "user": 1, "content_type": null, "object_id": "39", "object_repr": "Feedback object (39)", "action_flag": 3, "change_message": ""}}, {"model": "admin.logentry", "pk": 109, "fields": {"action_time": "2023-02-26T11:44:51.901Z", "user": 1, "content_type": null, "object_id": "38", "object_repr": "Feedback object (38)", "action_flag": 3, "change_message": ""}}, {"model": "admin.logentry", "pk": 110, "fields": {"action_time": "2023-02-26T11:44:51.908Z", "user": 1, "content_type": null, "object_id": "37", "object_repr": "Feedback object (37)", "action_flag": 3, "change_message": ""}}, {"model": "admin.logentry", "pk": 111, "fields": {"action_time": "2023-02-26T11:44:51.916Z", "user": 1, "content_type": null, "object_id": "36", "object_repr": "Feedback object (36)", "action_flag": 3, "change_message": ""}}, {"model": "admin.logentry", "pk": 112, "fields": {"action_time": "2023-02-26T11:44:51.924Z", "user": 1, "content_type": null, "object_id": "35", "object_repr": "Feedback object (35)", "action_flag": 3, "change_message": ""}}, {"model": "admin.logentry", "pk": 113, "fields": {"action_time": "2023-02-26T11:44:51.931Z", "user": 1, "content_type": null, "object_id": "34", "object_repr": "Feedback object (34)", "action_flag": 3, "change_message": ""}}, {"model": "admin.logentry", "pk": 114, "fields": {"action_time": "2023-02-26T11:44:51.939Z", "user": 1, "content_type": null, "object_id": "33", "object_repr": "Feedback object (33)", "action_flag": 3, "change_message": ""}}, {"model": "admin.logentry", "pk": 115, "fields": {"action_time": "2023-02-26T11:44:51.946Z", "user": 1, "content_type": null, "object_id": "32", "object_repr": "Feedback object (32)", "action_flag": 3, "change_message": ""}}, {"model": "admin.logentry", "pk": 116, "fields": {"action_time": "2023-02-26T11:44:51.953Z", "user": 1, "content_type": null, "object_id": "31", "object_repr": "Feedback object (31)", "action_flag": 3, "change_message": ""}}, {"model": "admin.logentry", "pk": 117, "fields": {"action_time": "2023-02-26T11:44:51.961Z", "user": 1, "content_type": null, "object_id": "30", "object_repr": "Feedback object (30)", "action_flag": 3, "change_message": ""}}, {"model": "admin.logentry", "pk": 118, "fields": {"action_time": "2023-02-26T11:44:51.970Z", "user": 1, "content_type": null, "object_id": "29", "object_repr": "Feedback object (29)", "action_flag": 3, "change_message": ""}}, {"model": "admin.logentry", "pk": 119, "fields": {"action_time": "2023-02-26T11:49:29.197Z", "user": 1, "content_type": null, "object_id": "1", "object_repr": "Feedback object (1)", "action_flag": 3, "change_message": ""}}, {"model": "admin.logentry", "pk": 120, "fields": {"action_time": "2023-02-26T13:11:01.442Z", "user": 1, "content_type": null, "object_id": "12", "object_repr": "Python разработчик веб-приложений (Backend)", "action_flag": 1, "change_message": "[{\"added\": {}}]"}}, {"model": "admin.logentry", "pk": 121, "fields": {"action_time": "2023-02-26T13:11:11.489Z", "user": 1, "content_type": null, "object_id": "9", "object_repr": "Feedback object (9)", "action_flag": 1, "change_message": "[{\"added\": {}}]"}}, {"model": "admin.logentry", "pk": 122, "fields": {"action_time": "2023-02-26T13:11:19.925Z", "user": 1, "content_type": null, "object_id": "10", "object_repr": "Feedback object (10)", "action_flag": 1, "change_message": "[{\"added\": {}}]"}}, {"model": "admin.logentry", "pk": 123, "fields": {"action_time": "2023-02-26T13:11:25.080Z", "user": 1, "content_type": null, "object_id": "11", "object_repr": "Feedback object (11)", "action_flag": 1, "change_message": "[{\"added\": {}}]"}}, {"model": "admin.logentry", "pk": 124, "fields": {"action_time": "2023-02-26T13:59:58.605Z", "user": 1, "content_type": null, "object_id": "10", "object_repr": "Django-разработчик(удалённо)222", "action_flag": 3, "change_message": ""}}, {"model": "admin.logentry", "pk": 125, "fields": {"action_time": "2023-02-26T13:59:58.619Z", "user": 1, "content_type": null, "object_id": "9", "object_repr": "Django-разработчик(удалённо)222", "action_flag": 3, "change_message": ""}}, {"model": "admin.logentry", "pk": 126, "fields": {"action_time": "2023-02-26T13:59:58.630Z", "user": 1, "content_type": null, "object_id": "5", "object_repr": "Django-разработчик(удалённо)333", "action_flag": 3, "change_message": ""}}, {"model": "admin.logentry", "pk": 127, "fields": {"action_time": "2023-02-26T13:59:58.641Z", "user": 1, "content_type": null, "object_id": "11", "object_repr": "Python / JavaScript разработчик веб-приложений (Fullstack)", "action_flag": 3, "change_message": ""}}, {"model": "admin.logentry", "pk": 128, "fields": {"action_time": "2023-02-26T13:59:58.655Z", "user": 1, "content_type": null, "object_id": "12", "object_repr": "Python разработчик веб-приложений (Backend)", "action_flag": 3, "change_message": ""}}, {"model": "admin.logentry", "pk": 129, "fields": {"action_time": "2023-02-26T14:40:27.319Z", "user": 1, "content_type": null, "object_id": "12", "object_repr": "Feedback object (12)", "action_flag": 1, "change_message": "[{\"added\": {}}]"}}, {"model": "admin.logentry", "pk": 130, "fields": {"action_time": "2023-02-26T14:40:53.923Z", "user": 1, "content_type": null, "object_id": "13", "object_repr": "Feedback object (13)", "action_flag": 1, "change_message": "[{\"added\": {}}]"}}, {"model": "admin.logentry", "pk": 131, "fields": {"action_time": "2023-02-26T14:40:58.532Z", "user": 1, "content_type": null, "object_id": "14", "object_repr": "Feedback object (14)", "action_flag": 1, "change_message": "[{\"added\": {}}]"}}, {"model": "admin.logentry", "pk": 132, "fields": {"action_time": "2023-02-26T16:38:47.068Z", "user": 1, "content_type": 11, "object_id": "7", "object_repr": "Django-разработчик(удалённо)", "action_flag": 3, "change_message": ""}}, {"model": "admin.logentry", "pk": 133, "fields": {"action_time": "2023-02-26T16:38:47.083Z", "user": 1, "content_type": 11, "object_id": "6", "object_repr": "Python developer junior", "action_flag": 3, "change_message": ""}}, {"model": "admin.logentry", "pk": 134, "fields": {"action_time": "2023-02-26T16:38:47.096Z", "user": 1, "content_type": 11, "object_id": "4", "object_repr": "Junior Python Developer", "action_flag": 3, "change_message": ""}}, {"model": "admin.logentry", "pk": 135, "fields": {"action_time": "2023-02-26T16:38:47.106Z", "user": 1, "content_type": 11, "object_id": "14", "object_repr": "Python / JavaScript разработчик веб-приложений (Fullstack)", "action_flag": 3, "change_message": ""}}, {"model": "admin.logentry", "pk": 136, "fields": {"action_time": "2023-02-26T16:38:47.121Z", "user": 1, "content_type": 11, "object_id": "15", "object_repr": "Django developer 333", "action_flag": 3, "change_message": ""}}, {"model": "admin.logentry", "pk": 137, "fields": {"action_time": "2023-02-26T17:11:25.355Z", "user": 1, "content_type": 11, "object_id": "12", "object_repr": "Python developer (FastApi)", "action_flag": 2, "change_message": "[{\"changed\": {\"fields\": [\"\\u041a\\u0430\\u0440\\u0442\\u0438\\u043d\\u043a\\u0430\"]}}]"}}, {"model": "admin.logentry", "pk": 138, "fields": {"action_time": "2023-02-26T17:17:11.658Z", "user": 1, "content_type": 9, "object_id": "9", "object_repr": "Яндекс", "action_flag": 2, "change_message": "[{\"changed\": {\"fields\": [\"\\u041f\\u043e\\u0447\\u0442\\u0430\", \"\\u0421\\u0441\\u044b\\u043b\\u043a\\u0430 \\u043d\\u0430 \\u0442\\u0435\\u043b\\u0435\\u0433\\u0440\\u0430\\u043c\"]}}]"}}, {"model": "admin.logentry", "pk": 139, "fields": {"action_time": "2023-02-26T17:17:47.139Z", "user": 1, "content_type": 9, "object_id": "10", "object_repr": "Google", "action_flag": 2, "change_message": "[{\"changed\": {\"fields\": [\"\\u041f\\u043e\\u0447\\u0442\\u0430\", \"\\u0421\\u0441\\u044b\\u043b\\u043a\\u0430 \\u043d\\u0430 \\u0442\\u0435\\u043b\\u0435\\u0433\\u0440\\u0430\\u043c\"]}}]"}}, {"model": "admin.logentry", "pk": 140, "fields": {"action_time": "2023-02-26T17:19:31.670Z", "user": 1, "content_type": 9, "object_id": "11", "object_repr": "Microsoft", "action_flag": 2, "change_message": "[{\"changed\": {\"fields\": [\"\\u041f\\u043e\\u0447\\u0442\\u0430\", \"\\u0421\\u0441\\u044b\\u043b\\u043a\\u0430 \\u043d\\u0430 \\u0442\\u0435\\u043b\\u0435\\u0433\\u0440\\u0430\\u043c\"]}}]"}}, {"model": "admin.logentry", "pk": 141, "fields": {"action_time": "2023-02-26T17:20:30.696Z", "user": 1, "content_type": 9, "object_id": "9", "object_repr": "Яндекс", "action_flag": 2, "change_message": "[{\"changed\": {\"fields\": [\"\\u041e \\u043a\\u043e\\u043c\\u043f\\u0430\\u043d\\u0438\\u0438\"]}}]"}}, {"model": "admin.logentry", "pk": 142, "fields": {"action_time": "2023-02-28T05:41:24.203Z", "user": 1, "content_type": 11, "object_id": "17", "object_repr": "test", "action_flag": 1, "change_message": "[{\"added\": {}}]"}}, {"model": "admin.logentry", "pk": 143, "fields": {"action_time": "2023-02-28T05:41:33.898Z", "user": 1, "content_type": 12, "object_id": "33", "object_repr": "Feedback object (33)", "action_flag": 1, "change_message": "[{\"added\": {}}]"}}, {"model": "admin.logentry", "pk": 144, "fields": {"action_time": "2023-02-28T05:41:39.075Z", "user": 1, "content_type": 12, "object_id": "34", "object_repr": "Feedback object (34)", "action_flag": 1, "change_message": "[{\"added\": {}}]"}}, {"model": "admin.logentry", "pk": 145, "fields": {"action_time": "2023-02-28T05:42:15.127Z", "user": 1, "content_type": 11, "object_id": "17", "object_repr": "test", "action_flag": 3, "change_message": ""}}, {"model": "auth.permission", "pk": 1, "fields": {"name": "Can add log entry", "content_type": 1, "codename": "add_logentry"}}, {"model": "auth.permission", "pk": 2, "fields": {"name": "Can change log entry", "content_type": 1, "codename": "change_logentry"}}, {"model": "auth.permission", "pk": 3, "fields": {"name": "Can delete log entry", "content_type": 1, "codename": "delete_logentry"}}, {"model": "auth.permission", "pk": 4, "fields": {"name": "Can view log entry", "content_type": 1, "codename": "view_logentry"}}, {"model": "auth.permission", "pk": 5, "fields": {"name": "Can add permission", "content_type": 2, "codename": "add_permission"}}, {"model": "auth.permission", "pk": 6, "fields": {"name": "Can change permission", "content_type": 2, "codename": "change_permission"}}, {"model": "auth.permission", "pk": 7, "fields": {"name": "Can delete permission", "content_type": 2, "codename": "delete_permission"}}, {"model": "auth.permission", "pk": 8, "fields": {"name": "Can view permission", "content_type": 2, "codename": "view_permission"}}, {"model": "auth.permission", "pk": 9, "fields": {"name": "Can add group", "content_type": 3, "codename": "add_group"}}, {"model": "auth.permission", "pk": 10, "fields": {"name": "Can change group", "content_type": 3, "codename": "change_group"}}, {"model": "auth.permission", "pk": 11, "fields": {"name": "Can delete group", "content_type": 3, "codename": "delete_group"}}, {"model": "auth.permission", "pk": 12, "fields": {"name": "Can view group", "content_type": 3, "codename": "view_group"}}, {"model": "auth.permission", "pk": 13, "fields": {"name": "Can add user", "content_type": 4, "codename": "add_user"}}, {"model": "auth.permission", "pk": 14, "fields": {"name": "Can change user", "content_type": 4, "codename": "change_user"}}, {"model": "auth.permission", "pk": 15, "fields": {"name": "Can delete user", "content_type": 4, "codename": "delete_user"}}, {"model": "auth.permission", "pk": 16, "fields": {"name": "Can view user", "content_type": 4, "codename": "view_user"}}, {"model": "auth.permission", "pk": 17, "fields": {"name": "Can add content type", "content_type": 5, "codename": "add_contenttype"}}, {"model": "auth.permission", "pk": 18, "fields": {"name": "Can change content type", "content_type": 5, "codename": "change_contenttype"}}, {"model": "auth.permission", "pk": 19, "fields": {"name": "Can delete content type", "content_type": 5, "codename": "delete_contenttype"}}, {"model": "auth.permission", "pk": 20, "fields": {"name": "Can view content type", "content_type": 5, "codename": "view_contenttype"}}, {"model": "auth.permission", "pk": 21, "fields": {"name": "Can add session", "content_type": 6, "codename": "add_session"}}, {"model": "auth.permission", "pk": 22, "fields": {"name": "Can change session", "content_type": 6, "codename": "change_session"}}, {"model": "auth.permission", "pk": 23, "fields": {"name": "Can delete session", "content_type": 6, "codename": "delete_session"}}, {"model": "auth.permission", "pk": 24, "fields": {"name": "Can view session", "content_type": 6, "codename": "view_session"}}, {"model": "auth.permission", "pk": 25, "fields": {"name": "Can add contacts", "content_type": 7, "codename": "add_contacts"}}, {"model": "auth.permission", "pk": 26, "fields": {"name": "Can change contacts", "content_type": 7, "codename": "change_contacts"}}, {"model": "auth.permission", "pk": 27, "fields": {"name": "Can delete contacts", "content_type": 7, "codename": "delete_contacts"}}, {"model": "auth.permission", "pk": 28, "fields": {"name": "Can view contacts", "content_type": 7, "codename": "view_contacts"}}, {"model": "auth.permission", "pk": 29, "fields": {"name": "Can add experience", "content_type": 8, "codename": "add_experience"}}, {"model": "auth.permission", "pk": 30, "fields": {"name": "Can change experience", "content_type": 8, "codename": "change_experience"}}, {"model": "auth.permission", "pk": 31, "fields": {"name": "Can delete experience", "content_type": 8, "codename": "delete_experience"}}, {"model": "auth.permission", "pk": 32, "fields": {"name": "Can view experience", "content_type": 8, "codename": "view_experience"}}, {"model": "auth.permission", "pk": 33, "fields": {"name": "Can add employer", "content_type": 9, "codename": "add_employer"}}, {"model": "auth.permission", "pk": 34, "fields": {"name": "Can change employer", "content_type": 9, "codename": "change_employer"}}, {"model": "auth.permission", "pk": 35, "fields": {"name": "Can delete employer", "content_type": 9, "codename": "delete_employer"}}, {"model": "auth.permission", "pk": 36, "fields": {"name": "Can view employer", "content_type": 9, "codename": "view_employer"}}, {"model": "auth.permission", "pk": 37, "fields": {"name": "Can add applicant", "content_type": 10, "codename": "add_applicant"}}, {"model": "auth.permission", "pk": 38, "fields": {"name": "Can change applicant", "content_type": 10, "codename": "change_applicant"}}, {"model": "auth.permission", "pk": 39, "fields": {"name": "Can delete applicant", "content_type": 10, "codename": "delete_applicant"}}, {"model": "auth.permission", "pk": 40, "fields": {"name": "Can view applicant", "content_type": 10, "codename": "view_applicant"}}, {"model": "auth.permission", "pk": 41, "fields": {"name": "Can add vacancy", "content_type": 11, "codename": "add_vacancy"}}, {"model": "auth.permission", "pk": 42, "fields": {"name": "Can change vacancy", "content_type": 11, "codename": "change_vacancy"}}, {"model": "auth.permission", "pk": 43, "fields": {"name": "Can delete vacancy", "content_type": 11, "codename": "delete_vacancy"}}, {"model": "auth.permission", "pk": 44, "fields": {"name": "Can view vacancy", "content_type": 11, "codename": "view_vacancy"}}, {"model": "auth.permission", "pk": 45, "fields": {"name": "Can add feedback", "content_type": 12, "codename": "add_feedback"}}, {"model": "auth.permission", "pk": 46, "fields": {"name": "Can change feedback", "content_type": 12, "codename": "change_feedback"}}, {"model": "auth.permission", "pk": 47, "fields": {"name": "Can delete feedback", "content_type": 12, "codename": "delete_feedback"}}, {"model": "auth.permission", "pk": 48, "fields": {"name": "Can view feedback", "content_type": 12, "codename": "view_feedback"}}, {"model": "auth.user", "pk": 1, "fields": {"password": "pbkdf2_sha256$260000$skwhr5tOoQMLh9CRPY4SIk$e9AZE0YEL1/3uoH64ETZK8hJiu172GpXCxjIhCx05LM=", "last_login": "2023-02-28T05:39:35.855Z", "is_superuser": true, "username": "admin", "first_name": "", "last_name": "", "email": "admin@admin.com", "is_staff": true, "is_active": true, "date_joined": "2023-02-18T19:52:18.917Z", "groups": [], "user_permissions": []}}, {"model": "auth.user", "pk": 4, "fields": {"password": "pbkdf2_sha256$260000$w2FvyfkKrjtrDqn4bjx4On$eAH/ZY3pT6IaOSjWwZN97uhfzonvLnXHJ/NTRds+ts8=", "last_login": null, "is_superuser": false, "username": "user1", "first_name": "", "last_name": "", "email": "", "is_staff": false, "is_active": true, "date_joined": "2023-02-21T10:14:08.453Z", "groups": [], "user_permissions": []}}, {"model": "auth.user", "pk": 5, "fields": {"password": "pbkdf2_sha256$260000$S7L4CyWutHB0mLB7nmvhwA$gsRNZqjoMSoV6k40PqATJ7yElPyeMX1FdZ2Ls6N9400=", "last_login": null, "is_superuser": false, "username": "user2", "first_name": "", "last_name": "", "email": "", "is_staff": false, "is_active": true, "date_joined": "2023-02-21T10:54:17.170Z", "groups": [], "user_permissions": []}}, {"model": "auth.user", "pk": 6, "fields": {"password": "pbkdf2_sha256$260000$AFq3hJ8TUq8Y5RozqQVsx2$ev7QpqJPtCaigLVNZ6OGuVj06itErQM1o+Bq57ocDpM=", "last_login": null, "is_superuser": false, "username": "user3", "first_name": "", "last_name": "", "email": "", "is_staff": false, "is_active": true, "date_joined": "2023-02-21T19:23:48Z", "groups": [], "user_permissions": []}}, {"model": "auth.user", "pk": 7, "fields": {"password": "pbkdf2_sha256$260000$1qkScz6KagE0cvHVdd2Sx8$PQzRVH9FDjCUrm+y4GEzVlIMVu0UqaKqVYiMbnwPGPA=", "last_login": null, "is_superuser": false, "username": "employer1", "first_name": "", "last_name": "", "email": "", "is_staff": false, "is_active": true, "date_joined": "2023-02-22T05:58:34.414Z", "groups": [], "user_permissions": []}}, {"model": "auth.user", "pk": 8, "fields": {"password": "pbkdf2_sha256$260000$zvoNhPvbDp5YVTxHQRgcIw$gMurBq8Jt3LuAVEg5HNDh07rbV5C/rzYzdYfIjNR2ds=", "last_login": null, "is_superuser": false, "username": "emloyer2", "first_name": "", "last_name": "", "email": "user4@mail.com", "is_staff": false, "is_active": true, "date_joined": "2023-02-22T10:51:54.238Z", "groups": [], "user_permissions": []}}, {"model": "auth.user", "pk": 9, "fields": {"password": "pbkdf2_sha256$260000$MZBPIm5LI4ilbw7tMsPSoJ$slxPABq5mQqQZ5A8GkYbCpm93lUJFgEF0IqUFIz6RP8=", "last_login": null, "is_superuser": false, "username": "employer_1", "first_name": "", "last_name": "", "email": "", "is_staff": false, "is_active": true, "date_joined": "2023-02-23T07:37:40.044Z", "groups": [], "user_permissions": []}}, {"model": "auth.user", "pk": 10, "fields": {"password": "pbkdf2_sha256$260000$qjOfAz6qiyBH3q3eSRRdQ8$54X1rBJWNULH+ZBg6suI5NCKQ8nN/ELC67LPilkXZ94=", "last_login": null, "is_superuser": false, "username": "employer_2", "first_name": "", "last_name": "", "email": "", "is_staff": false, "is_active": true, "date_joined": "2023-02-23T07:38:14.456Z", "groups": [], "user_permissions": []}}, {"model": "auth.user", "pk": 11, "fields": {"password": "pbkdf2_sha256$260000$5sxQhw3eaWe2T5foe2UJYD$YL1WhMv5PZiSjcbc18PdnXkZvNtNxHir+6VxTRrmc0E=", "last_login": null, "is_superuser": false, "username": "employer_3", "first_name": "", "last_name": "", "email": "", "is_staff": false, "is_active": true, "date_joined": "2023-02-23T07:38:40.979Z", "groups": [], "user_permissions": []}}, {"model": "auth.user", "pk": 12, "fields": {"password": "pbkdf2_sha256$260000$Yq0ngNyIeBC8ue8FIHJRp6$m9XxutttlLKajUTTYtxyEKKB5+YAjPlfQJPBAdTjN80=", "last_login": null, "is_superuser": false, "username": "applicant_1", "first_name": "", "last_name": "", "email": "", "is_staff": false, "is_active": true, "date_joined": "2023-02-23T13:37:00.517Z", "groups": [], "user_permissions": []}}, {"model": "auth.user", "pk": 13, "fields": {"password": "pbkdf2_sha256$260000$O8s60jme2zPtpdTMMjoXf3$ieIq+D1d5GeohfsFxmYpAFP64kKddMyIrgdxsXGBjY4=", "last_login": null, "is_superuser": false, "username": "applicant_2", "first_name": "", "last_name": "", "email": "", "is_staff": false, "is_active": true, "date_joined": "2023-02-23T13:37:18.722Z", "groups": [], "user_permissions": []}}, {"model": "auth.user", "pk": 14, "fields": {"password": "pbkdf2_sha256$260000$nLJRh4wHSq7ChDecdz4UnV$9VZqgFAj5QDVcTaUNyiVPaf1e33E3MqRjJAnojIqIVs=", "last_login": null, "is_superuser": false, "username": "applicant_3", "first_name": "", "last_name": "", "email": "", "is_staff": false, "is_active": true, "date_joined": "2023-02-23T13:37:34.516Z", "groups": [], "user_permissions": []}}, {"model": "auth.user", "pk": 15, "fields": {"password": "pbkdf2_sha256$260000$WKODjXGMKPcwitMja05VF7$dvJeXWK8e1QL/ttNZ3T2agxf1SzF3CrxhDY1z+bGyVc=", "last_login": null, "is_superuser": false, "username": "applicant_4", "first_name": "", "last_name": "", "email": "", "is_staff": false, "is_active": true, "date_joined": "2023-02-23T13:37:55.641Z", "groups": [], "user_permissions": []}}, {"model": "auth.user", "pk": 45, "fields": {"password": "pbkdf2_sha256$260000$9AprRfKYcLnN5pKpWx0cIm$WshTNBAJZUTQCUwUPvu6L+5LOHRP8Z/k0HPKwdwUV6w=", "last_login": null, "is_superuser": false, "username": "user6", "first_name": "", "last_name": "", "email": "", "is_staff": false, "is_active": true, "date_joined": "2023-02-26T08:33:48.770Z", "groups": [], "user_permissions": []}}, {"model": "auth.user", "pk": 48, "fields": {"password": "pbkdf2_sha256$260000$tX7d7fEALiSWoJBcSHQwXx$KWgGgEvWV32XhDpZpX9hl3TlQRqBVuHFB2EmlqmKIrw=", "last_login": null, "is_superuser": false, "username": "user7", "first_name": "", "last_name": "", "email": "", "is_staff": false, "is_active": true, "date_joined": "2023-02-26T08:38:52.274Z", "groups": [], "user_permissions": []}}, {"model": "auth.user", "pk": 49, "fields": {"password": "pbkdf2_sha256$260000$izm1xXmrXE7a88X2SFYyXw$MKp2XLL9D3p41rWp12UPcIFVxAAGxB/pM+g4WSGH2o4=", "last_login": "2023-02-26T13:09:36.184Z", "is_superuser": false, "username": "user8", "first_name": "", "last_name": "", "email": "", "is_staff": false, "is_active": true, "date_joined": "2023-02-26T09:08:07.069Z", "groups": [], "user_permissions": []}}, {"model": "auth.user", "pk": 50, "fields": {"password": "pbkdf2_sha256$260000$ELrqGIrlsuJvkA59xRZ6KW$VHuLYVzn68IArch3sjSOZfeGg26bNeDlcbLexAGg3A0=", "last_login": "2023-02-26T14:41:07.569Z", "is_superuser": false, "username": "employer7", "first_name": "", "last_name": "", "email": "", "is_staff": false, "is_active": true, "date_joined": "2023-02-26T10:22:28.456Z", "groups": [], "user_permissions": []}}, {"model": "auth.user", "pk": 51, "fields": {"password": "pbkdf2_sha256$260000$JwtIWusTK4kGLnSWGhl9YX$j+/keJgpabpOXSdai3HbJqa3aMwL0av7hEsQua+HzQ4=", "last_login": "2023-02-26T17:12:17.951Z", "is_superuser": false, "username": "freeq", "first_name": "", "last_name": "", "email": "", "is_staff": false, "is_active": true, "date_joined": "2023-02-26T16:58:52.459Z", "groups": [], "user_permissions": []}}, {"model": "auth.user", "pk": 52, "fields": {"password": "pbkdf2_sha256$260000$IVRf5VrpD8YM3lSUaGfZhJ$kFjj0YdX+1paKY6v2yyUn3jy4m8VRRYkVFlZcaeEzRA=", "last_login": "2023-02-27T15:07:30.083Z", "is_superuser": false, "username": "nikmedoed", "first_name": "", "last_name": "", "email": "", "is_staff": false, "is_active": true, "date_joined": "2023-02-27T15:04:11.445Z", "groups": [], "user_permissions": []}}, {"model": "auth.user", "pk": 53, "fields": {"password": "pbkdf2_sha256$260000$ebE9IyF4LW2chdGC7rUcND$Zl9Z5+mD1iXiQuri64ckAk8S+qRJTYQWFgFX3hardLk=", "last_login": "2023-02-27T15:06:18.858Z", "is_superuser": false, "username": "kisfsdf", "first_name": "", "last_name": "", "email": "", "is_staff": false, "is_active": true, "date_joined": "2023-02-27T15:06:10.892Z", "groups": [], "user_permissions": []}}, {"model": "auth.user", "pk": 54, "fields": {"password": "pbkdf2_sha256$260000$imF3IYcs2yNEwQPOOZctek$RzfdZCFkMnXyisGJ5cgZE3nsXWHw/JzDxJT1+2A8q44=", "last_login": "2023-02-28T05:38:54.531Z", "is_superuser": false, "username": "andry", "first_name": "", "last_name": "", "email": "", "is_staff": false, "is_active": true, "date_joined": "2023-02-28T05:38:42.343Z", "groups": [], "user_permissions": []}}, {"model": "contenttypes.contenttype", "pk": 1, "fields": {"app_label": "admin", "model": "logentry"}}, {"model": "contenttypes.contenttype", "pk": 2, "fields": {"app_label": "auth", "model": "permission"}}, {"model": "contenttypes.contenttype", "pk": 3, "fields": {"app_label": "auth", "model": "group"}}, {"model": "contenttypes.contenttype", "pk": 4, "fields": {"app_label": "auth", "model": "user"}}, {"model": "contenttypes.contenttype", "pk": 5, "fields": {"app_label": "contenttypes", "model": "contenttype"}}, {"model": "contenttypes.contenttype", "pk": 6, "fields": {"app_label": "sessions", "model": "session"}}, {"model": "contenttypes.contenttype", "pk": 7, "fields": {"app_label": "accounts", "model": "contacts"}}, {"model": "contenttypes.contenttype", "pk": 8, "fields": {"app_label": "accounts", "model": "experience"}}, {"model": "contenttypes.contenttype", "pk": 9, "fields": {"app_label": "accounts", "model": "employer"}}, {"model": "contenttypes.contenttype", "pk": 10, "fields": {"app_label": "accounts", "model": "applicant"}}, {"model": "contenttypes.contenttype", "pk": 11, "fields": {"app_label": "vacancies", "model": "vacancy"}}, {"model": "contenttypes.contenttype", "pk": 12, "fields": {"app_label": "vacancies", "model": "feedback"}}, {"model": "sessions.session", "pk": "auv0u59985fs44oyb8iwo6q17v02ixak", "fields": {"session_data": ".eJxVjDsOwyAQRO9CHaHlZ0zK9D4DWhYITiIsGbuKcvdgyUVSjTTz3ryZx30rfm9p9XNkVybY5bcLSM9UjyE-sN4XTkvd1jnwA-Hn2vi0xPS6nezfQcFWug0CjdUmGaE0ZEWWwiDIjSbbHhKjJRAwWpUASTopUyQcNJGC7LrKPl_JHjeQ:1pWKdA:_oQ7vjxPKprY07_6H8WJxnZQKKNrRLyDYpK4nW1vmD8", "expire_date": "2023-03-12T17:16:12.921Z"}}, {"model": "sessions.session", "pk": "ceypi6w8z23rrwadlsjj863k8csuj7nj", "fields": {"session_data": ".eJxVjDsOwyAQRO9CHaHlZ0zK9D4DWhYITiIsGbuKcvdgyUVSjTTz3ryZx30rfm9p9XNkVybY5bcLSM9UjyE-sN4XTkvd1jnwA-Hn2vi0xPS6nezfQcFWug0CjdUmGaE0ZEWWwiDIjSbbHhKjJRAwWpUASTopUyQcNJGC7LrKPl_JHjeQ:1pWK2a:TEgyRjunWhpTf33jOfQl0wk03rl59QE8lQg0tFYsIVk", "expire_date": "2023-03-12T16:38:24.287Z"}}, {"model": "sessions.session", "pk": "thbje2hmuk2bmqz6nc5hq9wakqe8zy3n", "fields": {"session_data": ".eJxVjDsOwyAQRO9CHaHlZ0zK9D4DWhYITiIsGbuKcvdgyUVSjTTz3ryZx30rfm9p9XNkVybY5bcLSM9UjyE-sN4XTkvd1jnwA-Hn2vi0xPS6nezfQcFWug0CjdUmGaE0ZEWWwiDIjSbbHhKjJRAwWpUASTopUyQcNJGC7LrKPl_JHjeQ:1pTTG4:21w80tw-T93_f0OAHm3scUHCR29W06lPHqj7B98U7jg", "expire_date": "2023-03-04T19:52:32.061Z"}}, {"model": "sessions.session", "pk": "uslpxgwh1g8385mxrb7a8fc2pbuu4vxd", "fields": {"session_data": ".eJxVjDkOwjAUBe_iGlnBf4lNSc8ZLK84gGwpTirE3UmkFNDOzHtvYd26FLv2NNspiosgJU6_0LvwTHU38eHqvcnQ6jJPXu6JPGyXtxbT63q0fwfF9bKthxhMJn0eOCATeAKlERk0YcwO0wZG9sYwZ8OIXlHOeiQwHiIAkPh8AeFcNtw:1pWf6A:cD-qhi4jszVNNv9WhMzd2PFPsW0pjwLTLNDyjGGFvYE", "expire_date": "2023-03-13T15:07:30.173Z"}}, {"model": "sessions.session", "pk": "w2yvemzmfjb292ioiddcokdxe99ja5am", "fields": {"session_data": ".eJxVjDsOwyAQRO9CHaHlZ0zK9D4DWhYITiIsGbuKcvdgyUVSjTTz3ryZx30rfm9p9XNkVybY5bcLSM9UjyE-sN4XTkvd1jnwA-Hn2vi0xPS6nezfQcFWug0CjdUmGaE0ZEWWwiDIjSbbHhKjJRAwWpUASTopUyQcNJGC7LrKPl_JHjeQ:1pWsi8:sD04vSquy9TKORU1EcrpBvQ9zc976ZNOPRHu-egHA8c", "expire_date": "2023-03-14T05:39:36.034Z"}}, {"model": "thumbnail.kvstore", "pk": "sorl-thumbnail||image||0badb08a70e36cff7efd12a458700c18", "fields": {"value": "{\"name\": \"cache/30/60/306094455f28887405f62b66724e59e9.jpg\", \"storage\": \"django.core.files.storage.FileSystemStorage\", \"size\": [960, 650]}"}}, {"model": "thumbnail.kvstore", "pk": "sorl-thumbnail||image||153d0bae2cf77a8ad459a4c080cec667", "fields": {"value": "{\"name\": \"cache/7a/3b/7a3b15b8fff3b54ebded02b623fd6dd5.jpg\", \"storage\": \"django.core.files.storage.FileSystemStorage\", \"size\": [300, 200]}"}}, {"model": "thumbnail.kvstore", "pk": "sorl-thumbnail||image||174fa3fe71bf21b0b1400a45a0e51f3a", "fields": {"value": "{\"name\": \"cache/8f/7e/8f7e803791339ff2dbf8825f6375e9f6.jpg\", \"storage\": \"django.core.files.storage.FileSystemStorage\", \"size\": [300, 200]}"}}, {"model": "thumbnail.kvstore", "pk": "sorl-thumbnail||image||1f03c5067293d2afd1d0ce4ff64a7292", "fields": {"value": "{\"name\": \"vacancy/index_lRtW3X3.jpeg\", \"storage\": \"django.core.files.storage.FileSystemStorage\", \"size\": [275, 183]}"}}, {"model": "thumbnail.kvstore", "pk": "sorl-thumbnail||image||4bb8272662b4d120122e6b635f4f9c17", "fields": {"value": "{\"name\": \"vacancy/original-1las.jpg\", \"storage\": \"django.core.files.storage.FileSystemStorage\", \"size\": [1200, 750]}"}}, {"model": "thumbnail.kvstore", "pk": "sorl-thumbnail||image||4cbaf1c2650f7e7b987a50471ed7ca9e", "fields": {"value": "{\"name\": \"vacancy/2IlDdTxivI3bglBpJE6KoTIDiIPhMesO7O4YXB6u7_iDiCA5ie36-OD2Pt5lR_CfUVacyEX5.jpg\", \"storage\": \"django.core.files.storage.FileSystemStorage\", \"size\": [613, 578]}"}}, {"model": "thumbnail.kvstore", "pk": "sorl-thumbnail||image||6e3e6daede06ba168f7137a1debda7e8", "fields": {"value": "{\"name\": \"cache/8c/b8/8cb8a2e178ebe9a8281dd88a9ce2574e.jpg\", \"storage\": \"django.core.files.storage.FileSystemStorage\", \"size\": [300, 200]}"}}, {"model": "thumbnail.kvstore", "pk": "sorl-thumbnail||image||723f6a9d9bc68ded4040c39a8e20f7ba", "fields": {"value": "{\"name\": \"vacancy/avatar_pWAHfYR.jpeg\", \"storage\": \"django.core.files.storage.FileSystemStorage\", \"size\": [168, 299]}"}}, {"model": "thumbnail.kvstore", "pk": "sorl-thumbnail||image||7cb0586024d40e86f702b64a812e8b77", "fields": {"value": "{\"name\": \"cache/7d/b6/7db65cd514d6b7f078135d6539f8dfa0.jpg\", \"storage\": \"django.core.files.storage.FileSystemStorage\", \"size\": [600, 400]}"}}, {"model": "thumbnail.kvstore", "pk": "sorl-thumbnail||image||867ac6413183ef8486d32a53db279618", "fields": {"value": "{\"name\": \"cache/d2/e4/d2e44df4d87f105d98d0c630667f5555.jpg\", \"storage\": \"django.core.files.storage.FileSystemStorage\", \"size\": [300, 200]}"}}, {"model": "thumbnail.kvstore", "pk": "sorl-thumbnail||image||8a7ef288e7896b4e5788b2aef53740c1", "fields": {"value": "{\"name\": \"vacancy/avatar_BJiCs58.jpeg\", \"storage\": \"django.core.files.storage.FileSystemStorage\", \"size\": [168, 299]}"}}, {"model": "thumbnail.kvstore", "pk": "sorl-thumbnail||image||917025c39ef152443c20331cc32204d7", "fields": {"value": "{\"name\": \"vacancy/images.jpeg\", \"storage\": \"django.core.files.storage.FileSystemStorage\", \"size\": [300, 168]}"}}, {"model": "thumbnail.kvstore", "pk": "sorl-thumbnail||image||93e1bef67e4cbf5ff022a3d15b29ebc3", "fields": {"value": "{\"name\": \"cache/ca/8e/ca8e32c7f701ba6ac53380cbc92fbcd1.jpg\", \"storage\": \"django.core.files.storage.FileSystemStorage\", \"size\": [300, 200]}"}}, {"model": "thumbnail.kvstore", "pk": "sorl-thumbnail||image||9b7df99b597fa23f0b576429b9fd8092", "fields": {"value": "{\"name\": \"cache/da/3d/da3d7d6f11b3ed69d91063a24738221c.jpg\", \"storage\": \"django.core.files.storage.FileSystemStorage\", \"size\": [300, 200]}"}}, {"model": "thumbnail.kvstore", "pk": "sorl-thumbnail||image||9c23dae67f62e29db881f4e16db1944b", "fields": {"value": "{\"name\": \"cache/57/70/5770263e1e35e937e007ef1e0f590aa8.jpg\", \"storage\": \"django.core.files.storage.FileSystemStorage\", \"size\": [300, 200]}"}}, {"model": "thumbnail.kvstore", "pk": "sorl-thumbnail||image||a6ae5cfb24101b313f8a9accf1f4f11d", "fields": {"value": "{\"name\": \"cache/f4/2d/f42d3fde97804456784d3aae95b4f301.jpg\", \"storage\": \"django.core.files.storage.FileSystemStorage\", \"size\": [100, 100]}"}}, {"model": "thumbnail.kvstore", "pk": "sorl-thumbnail||image||a760a486c7a125e93b9a51613b75a09c", "fields": {"value": "{\"name\": \"vacancy/avatar_WNXmKQX.jpeg\", \"storage\": \"django.core.files.storage.FileSystemStorage\", \"size\": [168, 299]}"}}, {"model": "thumbnail.kvstore", "pk": "sorl-thumbnail||image||aadcdda627d03a50318daa0361e090a5", "fields": {"value": "{\"name\": \"cache/4a/18/4a182484fa63621c922fc23c9d57ba7a.jpg\", \"storage\": \"django.core.files.storage.FileSystemStorage\", \"size\": [300, 200]}"}}, {"model": "thumbnail.kvstore", "pk": "sorl-thumbnail||image||ae59ff077cd821c2d2bf440b1d2f8224", "fields": {"value": "{\"name\": \"cache/d5/a1/d5a18c243f38ebdf1a639d68169f4c8e.jpg\", \"storage\": \"django.core.files.storage.FileSystemStorage\", \"size\": [300, 200]}"}}, {"model": "thumbnail.kvstore", "pk": "sorl-thumbnail||image||be30a8260340daca9cf43649292672c7", "fields": {"value": "{\"name\": \"cache/a8/f5/a8f531b3c89968c1bc5e3b810cde1dd6.jpg\", \"storage\": \"django.core.files.storage.FileSystemStorage\", \"size\": [300, 200]}"}}, {"model": "thumbnail.kvstore", "pk": "sorl-thumbnail||image||c02ce230a6c476f66b5d73d1c59b2326", "fields": {"value": "{\"name\": \"vacancy/index.jpeg\", \"storage\": \"django.core.files.storage.FileSystemStorage\", \"size\": [260, 194]}"}}, {"model": "thumbnail.kvstore", "pk": "sorl-thumbnail||image||d1c065e44a6522a8f766aadccfc9b101", "fields": {"value": "{\"name\": \"vacancy/756564183739530_4xyK1lZ.jpg\", \"storage\": \"django.core.files.storage.FileSystemStorage\", \"size\": [1200, 750]}"}}, {"model": "thumbnail.kvstore", "pk": "sorl-thumbnail||image||e0dc3f69b44af2cfea4a383b48381e95", "fields": {"value": "{\"name\": \"cache/02/f9/02f95f3d32e71316eae4b98e34509bf4.jpg\", \"storage\": \"django.core.files.storage.FileSystemStorage\", \"size\": [300, 200]}"}}, {"model": "thumbnail.kvstore", "pk": "sorl-thumbnail||image||eb28ae8941dc8357e2d1f2dd387d3e6a", "fields": {"value": "{\"name\": \"vacancy/\\u0421\\u043d\\u0438\\u043c\\u043e\\u043a_\\u044d\\u043a\\u0440\\u0430\\u043d\\u0430_\\u043e\\u0442_2023-01-28_14-22-46.png\", \"storage\": \"django.core.files.storage.FileSystemStorage\", \"size\": [1365, 596]}"}}, {"model": "thumbnail.kvstore", "pk": "sorl-thumbnail||image||f9bac4ce9e707a7fbfc93cb8d398799b", "fields": {"value": "{\"name\": \"vacancy/avatar_qVFUK5W.jpeg\", \"storage\": \"django.core.files.storage.FileSystemStorage\", \"size\": [168, 299]}"}}, {"model": "thumbnail.kvstore", "pk": "sorl-thumbnail||thumbnails||1f03c5067293d2afd1d0ce4ff64a7292", "fields": {"value": "[\"174fa3fe71bf21b0b1400a45a0e51f3a\"]"}}, {"model": "thumbnail.kvstore", "pk": "sorl-thumbnail||thumbnails||4bb8272662b4d120122e6b635f4f9c17", "fields": {"value": "[\"6e3e6daede06ba168f7137a1debda7e8\"]"}}, {"model": "thumbnail.kvstore", "pk": "sorl-thumbnail||thumbnails||4cbaf1c2650f7e7b987a50471ed7ca9e", "fields": {"value": "[\"9c23dae67f62e29db881f4e16db1944b\"]"}}, {"model": "thumbnail.kvstore", "pk": "sorl-thumbnail||thumbnails||723f6a9d9bc68ded4040c39a8e20f7ba", "fields": {"value": "[\"93e1bef67e4cbf5ff022a3d15b29ebc3\"]"}}, {"model": "thumbnail.kvstore", "pk": "sorl-thumbnail||thumbnails||8a7ef288e7896b4e5788b2aef53740c1", "fields": {"value": "[\"153d0bae2cf77a8ad459a4c080cec667\"]"}}, {"model": "thumbnail.kvstore", "pk": "sorl-thumbnail||thumbnails||917025c39ef152443c20331cc32204d7", "fields": {"value": "[\"0badb08a70e36cff7efd12a458700c18\", \"aadcdda627d03a50318daa0361e090a5\", \"7cb0586024d40e86f702b64a812e8b77\", \"a6ae5cfb24101b313f8a9accf1f4f11d\"]"}}, {"model": "thumbnail.kvstore", "pk": "sorl-thumbnail||thumbnails||a760a486c7a125e93b9a51613b75a09c", "fields": {"value": "[\"9b7df99b597fa23f0b576429b9fd8092\"]"}}, {"model": "thumbnail.kvstore", "pk": "sorl-thumbnail||thumbnails||c02ce230a6c476f66b5d73d1c59b2326", "fields": {"value": "[\"be30a8260340daca9cf43649292672c7\"]"}}, {"model": "thumbnail.kvstore", "pk": "sorl-thumbnail||thumbnails||d1c065e44a6522a8f766aadccfc9b101", "fields": {"value": "[\"867ac6413183ef8486d32a53db279618\"]"}}, {"model": "thumbnail.kvstore", "pk": "sorl-thumbnail||thumbnails||eb28ae8941dc8357e2d1f2dd387d3e6a", "fields": {"value": "[\"ae59ff077cd821c2d2bf440b1d2f8224\"]"}}, {"model": "thumbnail.kvstore", "pk": "sorl-thumbnail||thumbnails||f9bac4ce9e707a7fbfc93cb8d398799b", "fields": {"value": "[\"e0dc3f69b44af2cfea4a383b48381e95\"]"}}, {"model": "accounts.employer", "pk": 2, "fields": {"user": 1, "email": "roga@kopyta.com", "company_name": "Roga i Copyta", "staff_quantity": 5000, "city": "Казань", "address": "", "phone_number": "", "tg_link": "", "vk_link": "", "about": "Cool"}}, {"model": "accounts.employer", "pk": 6, "fields": {"user": 6, "email": "company2@mail.com", "company_name": "Google2", "staff_quantity": 50000, "city": "Kansas", "address": "", "phone_number": "89297252283", "tg_link": "", "vk_link": "", "about": "We're a very reach company"}}, {"model": "accounts.employer", "pk": 7, "fields": {"user": 7, "email": "roga@kopyta.com", "company_name": "Дэстэн Партнерс", "staff_quantity": 100, "city": "Москва", "address": "", "phone_number": "", "tg_link": "", "vk_link": "", "about": "Cool"}}, {"model": "accounts.employer", "pk": 8, "fields": {"user": 8, "email": "user4@mail.com", "company_name": "Building", "staff_quantity": 100, "city": "Kazan", "address": "", "phone_number": "", "tg_link": "", "vk_link": "", "about": "We are the best of the worst"}}, {"model": "accounts.employer", "pk": 9, "fields": {"user": 9, "email": "info@ya.ru", "company_name": "Яндекс", "staff_quantity": 12000, "city": "Москва", "address": "Новаторов 12", "phone_number": "8495777777", "tg_link": "https://t.me/yandex", "vk_link": "vk.com/yandex", "about": "У нас есть браузер"}}, {"model": "accounts.employer", "pk": 10, "fields": {"user": 10, "email": "info@google.com", "company_name": "Google", "staff_quantity": 15000, "city": "Калифорния", "address": "", "phone_number": "1777888999", "tg_link": "https://t.me/google", "vk_link": "", "about": "We are Gooooogle"}}, {"model": "accounts.employer", "pk": 11, "fields": {"user": 11, "email": "ms@outlook.com", "company_name": "Microsoft", "staff_quantity": 150000, "city": "Вашингтон", "address": "", "phone_number": "1777666999", "tg_link": "https://t.me/micro", "vk_link": "", "about": "Hi! We are Microsoft"}}, {"model": "accounts.employer", "pk": 15, "fields": {"user": 45, "email": "back@test.com", "company_name": "Roga i Copyta2", "staff_quantity": 222, "city": "Ростов-на-Дону", "address": "", "phone_number": "", "tg_link": "", "vk_link": "", "about": "We are Gooooogle"}}, {"model": "accounts.employer", "pk": 18, "fields": {"user": 48, "email": "roga@kopyta.com", "company_name": "Google", "staff_quantity": 1234, "city": "Калифорния", "address": "", "phone_number": "", "tg_link": "", "vk_link": "", "about": "We are Gooooogle"}}, {"model": "accounts.employer", "pk": 19, "fields": {"user": 50, "email": "employer7@mail.ru", "company_name": "VVVV", "staff_quantity": 234, "city": "Москва", "address": "", "phone_number": "", "tg_link": "", "vk_link": "", "about": "Мы очень классная компания"}}, {"model": "accounts.employer", "pk": 20, "fields": {"user": 53, "email": "grafniksan@gmail.com", "company_name": "Home", "staff_quantity": 50, "city": "Москва", "address": "Дмитровское шоссе, 107А, к1, подъезд 7, кв. 568", "phone_number": "89687678995", "tg_link": "", "vk_link": "", "about": "Текст о компании"}}, {"model": "accounts.applicant", "pk": 1, "fields": {"user": 5, "firstname": "Gennadyi", "lastname": "Ivanov", "patronymic": "Petrovich", "email": "user2@mail.com", "city": "Rfpfym", "address": "", "phone_number": "", "tg_link": "", "vk_link": ""}}, {"model": "accounts.applicant", "pk": 2, "fields": {"user": 4, "firstname": "Иван", "lastname": "Иванов", "patronymic": "Вадимович", "email": "backend@mail.ru", "city": "Казань", "address": "Казань, Ноксинский Спуск 27", "phone_number": "+7929824454", "tg_link": "tgtg", "vk_link": "@@@"}}, {"model": "accounts.applicant", "pk": 3, "fields": {"user": 12, "firstname": "Геннадий", "lastname": "Иванов", "patronymic": "Петрович", "email": "gena@mail.ru", "city": "Москва", "address": "Красная площадь", "phone_number": "89178889992", "tg_link": "@gena", "vk_link": "vk.com/gena"}}, {"model": "accounts.applicant", "pk": 4, "fields": {"user": 13, "firstname": "Иван", "lastname": "Мартынов", "patronymic": "Григорьевич", "email": "martyn@mail.ru", "city": "Москва", "address": "Красная площадь, 1", "phone_number": "8987654321", "tg_link": "@martyn", "vk_link": "vk.com/martyn"}}, {"model": "accounts.applicant", "pk": 5, "fields": {"user": 14, "firstname": "Юрий", "lastname": "Краснов", "patronymic": "Владимирович", "email": "krasa@mail.ru", "city": "Казань", "address": "Баумана, 13", "phone_number": "8963867563", "tg_link": "@krasa", "vk_link": "vk.com/krasa"}}, {"model": "accounts.applicant", "pk": 6, "fields": {"user": 15, "firstname": "Георгий", "lastname": "Васильев", "patronymic": "Дмитриевич", "email": "gera@mail.ru", "city": "Ульяновск", "address": "Радионова, 7, кв 29", "phone_number": "89264568520", "tg_link": "@gera", "vk_link": "vk.com/gera"}}, {"model": "accounts.applicant", "pk": 7, "fields": {"user": 51, "firstname": "Viktor", "lastname": "Petrov", "patronymic": "Romanovich", "email": "freeq@mail.ru", "city": "Moscow", "address": "", "phone_number": "", "tg_link": "", "vk_link": ""}}, {"model": "accounts.applicant", "pk": 8, "fields": {"user": 52, "firstname": "Никита", "lastname": "Муромцев", "patronymic": "Андреевич", "email": "grafniksan@gmail.com", "city": "Москва", "address": "Дмитровское шоссе, 107А, к1, подъезд 7, кв. 568", "phone_number": "89687678995", "tg_link": "", "vk_link": ""}}, {"model": "accounts.applicant", "pk": 9, "fields": {"user": 54, "firstname": "Андрей", "lastname": "Карасёв", "patronymic": "Сергеевич", "email": "adry@mail.com", "city": "Казань", "address": "Татарстан, г.Казань, ул. Ноксинский спуск 27", "phone_number": "9991990861", "tg_link": "", "vk_link": ""}}, {"model": "accounts.experience", "pk": 2, "fields": {"applicant": 1, "company_name": "Совкомбанк Технологии", "start_date": "2023-02-21", "finish_date": "2023-02-21", "job_results": "Tremendous"}}, {"model": "accounts.experience", "pk": 3, "fields": {"applicant": 1, "company_name": "Roga i Copyta", "start_date": "2023-02-21", "finish_date": "2023-02-21", "job_results": "Tremendous"}}, {"model": "accounts.experience", "pk": 4, "fields": {"applicant": 2, "company_name": "Google", "start_date": "2023-02-21", "finish_date": "2023-02-21", "job_results": "Отличные"}}, {"model": "accounts.experience", "pk": 5, "fields": {"applicant": 3, "company_name": "Яндекс", "start_date": "2010-01-20", "finish_date": "2015-02-25", "job_results": "Добился многого. Вырос до техлида"}}, {"model": "accounts.experience", "pk": 6, "fields": {"applicant": 3, "company_name": "Вконтакте", "start_date": "2015-03-15", "finish_date": "2023-02-23", "job_results": "Обновил дизайн сайта"}}, {"model": "accounts.experience", "pk": 7, "fields": {"applicant": 4, "company_name": "Google", "start_date": "2000-03-20", "finish_date": "2023-02-23", "job_results": "Добился всего, чего хотел"}}, {"model": "accounts.experience", "pk": 8, "fields": {"applicant": 5, "company_name": "1С", "start_date": "2016-06-27", "finish_date": "2023-02-23", "job_results": "Стал руководителем отдела"}}, {"model": "accounts.experience", "pk": 9, "fields": {"applicant": 6, "company_name": "Газпром Медиа", "start_date": "2019-09-15", "finish_date": "2023-02-23", "job_results": "Просто выполнял свои обязанности"}}, {"model": "vacancies.vacancy", "pk": 11, "fields": {"title": "Python разработчик веб-приложений (Backend)", "salary": 80000, "description": "Обязанности:      Backend разработка веб-приложений (Django/аналоги) для агрегации и обработки данных. Включают функции автоматической разметки данных и структур источника.     Написание сервисов работы с каналами данных различных типов источников (веб-сервисы, СУБД, файловые хранилища, десктопные приложения, веб-страницы, телеграмм каналы и мессенджеры);     Интеграция внешних источников, в том числе по технологии REST API, в коллектор данных для приведения к единой структуре;     Администрирование серверов (VPS и VDS) на ОС Linux в рамках всех необходимых процедур для запуска разработанных веб-приложений и организации внешнего доступа к ним на вновь созданных машинах для пользовательского тестирования;     Создание контейнеров (docker) для разворачивания их на удаленных машинах;     Написание автотестов работы сервисов с фиксированием показателей и результатов в журналах;     Использование данных СУБД (реляционные/noSQL) для хранения и обмена данными веб-сервисов;     Поддержка работы веб-сервисов (тестирование и отладка приложения и отдельных компонентов). Оптимизация и доработка существующего кода;     Ведение репозиториев (GitLab) и документирование кода;     Регулярное (не реже 2 раз в неделю) обсуждение и корректировка текущих задач и планов.", "image": "vacancy/original-1las.jpg", "company": 9, "created": "2023-02-23T13:49:47.267Z"}}, {"model": "vacancies.vacancy", "pk": 12, "fields": {"title": "Python developer (FastApi)", "salary": 100000, "description": "Про стек: Python 3.9, FastApi, PostgreSQL 13, SQLAlchemy, RabbitMQ, Docker, docker-compose, GitHub, Jira, Notion, Jenkins.  Что мы ожидаем от тебя:      Знание Python 3.6+     Общее понимание работы сетевых протоколов и технологий (HTTP, WebSocket)     Понимание асинхронной парадигмы программирования в Python (aiohttp/asyncio/tornado)     Опыт разработки API, работы с очередями и базами данных", "image": "vacancy/index_lRtW3X3.jpeg", "company": 10, "created": "2023-02-23T13:50:55.247Z"}}, {"model": "vacancies.vacancy", "pk": 13, "fields": {"title": "Python / JavaScript разработчик веб-приложений (Fullstack)", "salary": 120000, "description": "Обязанности:      Fullstack разработка веб-приложения (Django/FastAPI) для интерактивной визуализации данных (графов);     Разработка сервисов по обработке и анализу данных, используемых в основном веб-приложении;     Интеграция внешних источников данных, в том числе по технологии REST API;     Администрирование серверов (VPS и VDS) на ОС Linux в рамках всех необходимых процедур для запуска разработанных веб-приложений и организации внешнего доступа к ним на вновь созданных машинах;     Создание контейнеров (docker) и их разворачивание на удаленных машинах;     Написание автотестов работы сервисов с фиксированием показателей и результатов в журналах;     Использование данных СУБД (реляционные/noSQL) для хранения и обмена данными веб-сервисов;     Поддержка работы веб-сервисов (тестирование и отладка приложения и отдельных компонентов). Оптимизация и доработка существующего кода;     Ведение репозиториев (GitLab) и документирование кода;     Ежедневное обсуждение и корректировка с заказчиком текущих задач и планов.", "image": "vacancy/images.jpeg", "company": 11, "created": "2023-02-23T13:52:09.702Z"}}, {"model": "vacancies.vacancy", "pk": 16, "fields": {"title": "Текст текс", "salary": 46150, "description": "описание", "image": "vacancy/2IlDdTxivI3bglBpJE6KoTIDiIPhMesO7O4YXB6u7_iDiCA5ie36-OD2Pt5lR_CfUVacyEX5.jpg", "company": 20, "created": "2023-02-27T15:06:53.369Z"}}, {"model": "vacancies.feedback", "pk": 13, "fields": {"vacancy": 13, "applicant": 1}}, {"model": "vacancies.feedback", "pk": 24, "fields": {"vacancy": 11, "applicant": 3}}, {"model": "vacancies.feedback", "pk": 25, "fields": {"vacancy": 11, "applicant": 4}}, {"model": "vacancies.feedback", "pk": 26, "fields": {"vacancy": 12, "applicant": 3}}, {"model": "vacancies.feedback", "pk": 27, "fields": {"vacancy": 12, "applicant": 5}}, {"model": "vacancies.feedback", "pk": 28, "fields": {"vacancy": 13, "applicant": 6}}, {"model": "vacancies.feedback", "pk": 29, "fields": {"vacancy": 12, "applicant": 7}}, {"model": "vacancies.feedback", "pk": 30, "fields": {"vacancy": 11, "applicant": 7}}, {"model": "vacancies.feedback", "pk": 31, "fields": {"vacancy": 13, "applicant": 8}}, {"model": "vacancies.feedback", "pk": 32, "fields": {"vacancy": 16, "applicant": 8}}]